,product_name,product_category_tree,image,description,brand,product_specifications
0,Techone+ Portable SE122102-ORANGE USB Led Light,"[""Computers >> Laptop Accessories >> USB Gadgets >> Techone+ USB Gadgets""]","[""http://img6a.flixcart.com/image/usb-gadget/z/7/g/flexible-iconnect-world-1100x1100-imae74uyrffzydeh.jpeg"", ""http://img6a.flixcart.com/image/usb-gadget/z/7/g/flexible-iconnect-world-original-imae74uyrffzydeh.jpeg"", ""http://img6a.flixcart.com/image/usb-gadget/g/g/6/se122104-orange-techone-original-imaecpkzkhyrzhbx.jpeg"", ""http://img5a.flixcart.com/image/usb-gadget/f/y/t/se122101-orange-techone-original-imaecpkz9tcpawju.jpeg""]","Techone+ Portable SE122102-ORANGE USB Led Light (Orange) Usable with Power Bank, Laptop, USB Port Adaptor, USB Multi Pin Board & USB Port Device.",Techone+,"{""product_specification""=>[{""key""=>""Brand"", ""value""=>""Techone+""}, {""key""=>""Type"", ""value""=>""Led Light""}, {""key""=>""Model Name"", ""value""=>""Portable""}, {""key""=>""Material"", ""value""=>""Plastic""}, {""key""=>""System Requirements"", ""value""=>""5V 1.2W""}, {""key""=>""Model ID"", ""value""=>""SE122102-ORANGE""}, {""key""=>""Color"", ""value""=>""Orange""}, {""key""=>""Weight"", ""value""=>""150 g""}, {""key""=>""Number of Contents in Sales Package"", ""value""=>""Pack of 4""}, {""key""=>""Sales Package"", ""value""=>""4 Usb Led Light""}]}"
1,"The Bread Baker by Breville","[""Home & Kitchen >> Kitchen & Dining >> Bakeware >> Bread & Loaf Pans""]","[""https://assets.breville.com/cdn-cgi/image/width=1300,format=auto/LBM200/LBM200BSS2JAN1/pdp.jpg?pdp""]","Functions: - BREAD MAKING: Easily bake different types of bread. - RAPID MAKING: Quick bread baking for time-saving. - TIME DELAY: Set a specific start time for the bread baking process. - DOUGH MAKING FUNCTION: Prepare dough for various recipes. - GLUTEN FREE: Dedicated function for baking gluten-free bread. - BAKE: Ideal for making cakes and other baked goods. - FRUIT & NUT DISPENSER: Conveniently add fruits and nuts to your bread. - POWER INTERRUPTION PROTECTION: Safeguards against power interruptions.","Breville","A. AUTO MENU: Basic, French, Whole Wheat, Sweet, Express 680g, Express 900g, Yeast Free, Continental, Dough, Gluten Free, Jam, Bake\nB. CRUST COLOUR\nC. LOAF SIZE\nD. Gluten Free: Direct access to gluten-free bread function\nE. Display Screen\nF. TIMER: Set start time in 10-minute increments."
2,"10000mAh XiaoMi Power Bank 2S","Electronics >> Mobiles & Accessories >> Power Banks","[""https://i01.appmifile.com/webfile/globalimg/gaobiyun/productstation/11-4/22.5w-powerbank-blue!800x800!85.png""]","The 10000mAh Mi Power Bank 2S is a high-capacity portable charger featuring a Li-polymer battery and charge and discharge chip. It provides multiple safeguard technologies for over-charge, over-discharge, high temperature, and short circuit protection. The power bank supports fast charging at different voltage levels, with a maximum output of 15W when two output ports are used. It is compatible with most smartphones, tablets, and devices, and offers a safe, efficient, and compatible user experience. The dimensions of the power bank are 147 × 71.2 × 14.2 mm, and it has a micro-USB input port and a USB-A output port. The charging time is approximately 3.5 hours with a 9V/2A or 12V/1.5A adapter and standard cable, or approximately 5.5 hours with a 5V/2A adapter and standard cable.","Mi","Model: PLM09ZM Battery type: Li-polymer battery|Capacity: 10000mAh 3.7V (37Wh) Rated capacity: 6500mAh 5.1V (TYP 1A)|Operating temperature: 0°C~40°C|Input port: Micro-USB|Output port: USB-A|Input: 5.0V 2.0A/9.0V 2.0A/12.0V 1.5A|Output: Single port 5.1V 2.4A/9.0V 1.6A MAX/12.0V 1.2A MAX Dual ports 5.1V 2.4A (15W MAX)|Charging time: approx. 3.5 hrs (9V/2A or 12V/1.5A adapter, standard cable); approx. 5.5 hrs (5V/2A adapter, standard cable)"
3,TRENDnet TEW-752DRU,"[""Computers >> Network Components >> Routers >> TRENDnet Routers""]","[""http://img5a.flixcart.com/image/router/m/h/h/trendnet-tew-752dru-original-imae3gcyqzvgr9hr.jpeg""]",Buy TRENDnet TEW-752DRU only for Rs. 5199 from Flipkart.com. Only Genuine Products. 30 Day Replacement Guarantee. Free Shipping. Cash On Delivery!,TRENDnet,"{""product_specification""=>[{""key""=>""In The Box"", ""value""=>""TEW-752DRU 150Mbps Wireless N Router, Power Adapter, Quick Start Guide""}, {""key""=>""Brand"", ""value""=>""TRENDnet""}, {""key""=>""Model"", ""value""=>""TEW-752DRU""}, {""key""=>""Type"", ""value""=>""Wireless Without modem""}, {""key""=>""Color"", ""value""=>""Black""}, {""key""=>""Wireless Speed"", ""value""=>""600 Mbps""}, {""key""=>""Covered in Warranty"", ""value""=>""Product Dead on Arrival (DOA)""}, {""key""=>""Service Type"", ""value""=>""No return accepted without an RMA number. Trendnet Toll Free 18001020061""}, {""key""=>""Warranty Summary"", ""value""=>""3 years Manufacturers Warranty.""}, {""key""=>""Not Covered in Warranty"", ""value""=>""Any physical Damage and Any 3rd Party Software Upgrade""}, {""key""=>""Number of USB Ports"", ""value""=>""1""}, {""key""=>""Antennae"", ""value""=>""Internal""}]}"
4,Hi-Speed USB 2.0 Hub user manual,"[""Computers >> Laptop Accessories >> USB Gadgets >> Stuffcool USB Gadgets""]","[""https://m.media-amazon.com/images/I/61p7I6zlEtL._AC_SX450_.jpg"",""http://img5a.flixcart.com/image/usb-gadget/r/h/y/type-c-stuffcool-1100x1100-imaeeffth7avr39m.jpeg"", ""http://img6a.flixcart.com/image/usb-gadget/r/h/y/type-c-stuffcool-original-imaeeffth7avr39m.jpeg"", ""http://img5a.flixcart.com/image/usb-gadget/r/h/y/type-c-stuffcool-original-imaeefft7zqgkzcg.jpeg"", ""http://img6a.flixcart.com/image/usb-gadget/r/h/y/type-c-stuffcool-original-imaeefft5ydnmjrb.jpeg"", ""http://img6a.flixcart.com/image/usb-gadget/r/h/y/type-c-stuffcool-original-imaeefftz6rnygzv.jpeg"", ""http://img6a.flixcart.com/image/usb-gadget/r/h/y/type-c-stuffcool-original-imaeefft35dzeuwy.jpeg""]","Thank you for purchasing the MANHATTAN® Hi-Speed USB 2.0 Hub, Model 160766. Designed to directly accommodate up to seven USB devices (and as many as 127 overall), this handy hub offers flexible and expanded connectivity for desktop and notebook computers. Its high-speed ports are USB 1.1-compatible to support older devices and provide data transfer speeds up to 480 Mbps for external storage, printing and other activities. Featuring a durable plastic case, compact size and an AC power adapter, this hub is easily transportable, adding USB connectivity almost anywhere. Installation is simple with Plug and Play and hot-swappable capabilities, plus a mini-B to A-type USB cable that quickly connects the hub to any USB port. System Requirements: USB-enabled PC or Mac system.",Manhattan,"{""product_specification""=>[{""key""=>""Brand"", ""value""=>""Stuffcool""}, {""key""=>""Type"", ""value""=>""USB Hub""}, {""key""=>""System Requirements"", ""value""=>""4 Port USB 3.0""}, {""key""=>""Material"", ""value""=>""ABS Material""}, {""key""=>""Model Name"", ""value""=>""Troop""}, {""key""=>""Model ID"", ""value""=>""Type C""}, {""key""=>""Color"", ""value""=>""Silver""}, {""key""=>""Warranty Summary"", ""value""=>""6 Months Manufacturing Warranty""}, {""key""=>""Sales Package"", ""value""=>""1 USB Gadget""}]}"
5,Netgear WN2500RP Universal Dual Band Wi-Fi Range Extender,"[""Computers >> Network Components >> Routers >> Netgear Routers""]","[""http://img5a.flixcart.com/image/router/g/4/x/netgear-wn2500rp-original-imadzcpfxbk4pnyc.jpeg"", ""http://img6a.flixcart.com/image/router/g/4/x/netgear-wn2500rp-original-imadzcpfxbk4pnyc.jpeg""]",Buy Netgear WN2500RP Universal Dual Band Wi-Fi Range Extender only for Rs. 8424 from Flipkart.com. Only Genuine Products. 30 Day Replacement Guarantee. Free Shipping. Cash On Delivery!,Netgear,"{""product_specification""=>[{""key""=>""Encryption"", ""value""=>""Wi-Fi Protected Access (WPA/WPA2-PSK), WEP""}, {""key""=>""Wireless Speed"", ""value""=>""600 Mbps""}, {""key""=>""LAN/WAN"", ""value""=>""10/100""}, {""key""=>""Brand"", ""value""=>""Netgear""}, {""key""=>""In The Box"", ""value""=>""Router, Power Adapter, Installation Guide""}, {""key""=>""Model"", ""value""=>""WN2500RP""}, {""key""=>""Controls"", ""value""=>""Push N Connect Button, Power On/Off Button, Reset Button""}, {""key""=>""Installation Features"", ""value""=>""CD-less Installation, Push N Connect using Wi-Fi Protected Setup (WPS)""}, {""key""=>""Supported Software"", ""value""=>""Microsoft Internet Explorer 5.0, Firefox 2.0, Safari 1.4, Google Chrome 11.0""}, {""key""=>""LED Indicator"", ""value""=>""2.4 GHz Connection Strength, Power, 5 GHz Connection Strength, Wireless Device to Extender Connection, Push N Connect (WPS)""}, {""key""=>""Type"", ""value""=>""Range Extenders/Repeaters""}, {""key""=>""Part Number"", ""value""=>""WN2500RP""}, {""key""=>""Domestic Term"", ""value""=>""2 Years""}, {""key""=>""Warranty Summary"", ""value""=>""2 Years Domestic Carry In Warranty""}, {""key""=>""Service Type"", ""value""=>""Carry In""}, {""key""=>""Weight"", ""value""=>""370 g""}, {""key""=>""Height"", ""value""=>""31 mm""}, {""key""=>""Width"", ""value""=>""223 mm""}, {""key""=>""Depth"", ""value""=>""153 mm""}, {""key""=>""Operating System"", ""value""=>""Mac OS, Windows 7""}, {""key""=>""Frequency"", ""value""=>""5 GHz""}, {""key""=>""Number of Antennae"", ""value""=>""4""}, {""key""=>""Number of LAN ports"", ""value""=>""4""}, {""key""=>""Number of USB Ports"", ""value""=>""0""}, {""key""=>""Antennae"", ""value""=>""Internal""}, {""key""=>""Standard IEEE"", ""value""=>""IEEE 802.11a/b/g/n""}, {""key""=>""Certification"", ""value""=>""CEC (California Efficiency), RoHS, WEEE""}]}"
6,"SENCOR SHD 8270 VT Hair Dryer","Beauty & Personal Care >> Hair Care >> Hair Styling Tools >> Hair Dryers","[""https://www.sencor.com/getmedia/cdb841b3-28f2-405d-95b8-64934e7d11cc/SHD-8270VT.jpg.aspx""]","Enjoy a great hairstyle every day with healthier hair using the SENCOR SHD 8270 VT Hair Dryer. It features a professional AC motor and is infused with Argan Oil and Keratin to protect and nourish your hair, leaving it silkier and smoother. With 3 temperature levels, including a low temperature option for extra gentle drying and hydrated hair, and 2 speeds for perfect airflow, this hair dryer ensures efficient and fast drying, reducing drying time by 33%. The cool shot function helps to fix your hairstyle in place. The true ionic function of this hair dryer releases millions of negative ions, resulting in silkier, shinier hair without crinkling. It also enables faster drying and reduces static electricity, making your hair easier to comb and preventing hair damage. Designed for convenience, the hair dryer has an ergonomically shaped handle suitable for both left and right-handers. The removable rear grill makes cleaning easier, and the heating spiral maintains a constant temperature to prevent hair damage. It also includes a hanging loop for easy storage and comes with accessories, including two slim concentrators for hair drying and shaping, and a volume diffuser. Other specifications include a 3-meter long power cord, a power input of 2400 W, and dimensions of 270 × 240 × 95 mm. The weight of the hair dryer is 990 g.",SENCOR,"Professional AC motor, Argan Oil and Keratin protection, 3 temperature levels, 2 speeds, cool shot function, true ionic function, ergonomically shaped handle, removable rear grill, heating spiral, hanging loop, thermal fuse, accessories (2 slim concentrators and volume diffuser), power cord length: 3 m, power input: 2400 W, dimensions: 270 × 240 × 95 mm, weight: 990 g"
7,"DUALSHOCK®4 Wireless Controller Instruction Manual","['Electronics >> Video Games >> PlayStation 4 >> Accessories >> Gamepads']","[""https://m.media-amazon.com/images/I/71Liv-br3iL._AC_SX679_.jpg""]","The DUALSHOCK®4 Wireless Controller is a high-quality gaming controller designed for use with the PlayStation 4 console. It offers comfortable and precise control during gameplay with its ergonomic design and intuitive layout. The built-in speaker enhances the gaming experience with immersive audio feedback. The light bar changes colors to indicate in-game events. Enjoy wireless gaming without cables and rechargeable battery for uninterrupted play. The DUALSHOCK®4 Wireless Controller is the perfect companion for action-packed adventures and multiplayer battles.","Sony Interactive Entertainment Inc.","Input power rating: DC 5 V, 800 mA; Battery type: Built-in rechargeable Lithium-Ion battery; Voltage: DC 3.65 V; Battery capacity: 1,000 mAh; Operating temperature: 5°C – 35°C; Mass: Approx. 210 g; Country of Production: China"
8,STEAMGLIDE ULTRA STEAM IRON,"[""Home & Kitchen >> Home Appliances >> Irons >> crompton Irons >> crompton CG aristo Steam Iron (blue)""]","[""http://img6a.flixcart.com/image/iron/s/q/w/crompton-cg-aristo-original-imaegwquz9ygehjg.jpeg"", ""http://img5a.flixcart.com/image/iron/s/q/w/crompton-cg-aristo-original-imaegwquz9ygehjg.jpeg""]","""Specifications of STEAMGLIDE ULTRA STEAM IRON In The Box Sales Package iron General Brand STEAMGLIDE ULTRA STEAM IRON comfort Features STEAM IRONING When steam ironing, you must set the temperature control dial above silk/wool, to ensure the iron is in the steam temperature range. COOL SPRAY MIST: Water spotting affects some fabrics. BURST OF STEAM Burst of steam works with both dry and steam ironing. DRY IRONING If you are going to be dry ironing only, there is no need to fill the water tank. VERTICAL STEAM Vertical steaming removes wrinkles from hanging clothes, hanging curtains, and furnishing fabrics. SELF CLEAN To prevent residues building up, use the Self Clean button regularly""",STEAMGLIDE,"{""product_specification""=>[{""key""=>""Sales Package"", ""value""=>""1iron""}, {""key""=>""Brand"", ""value""=>""crompton""}, {""key""=>""Model"", ""value""=>""CG aristo""}, {""key""=>""Type"", ""value""=>""Steam""}, {""key""=>""Color"", ""value""=>""blue""}, {""key""=>""Cordless"", ""value""=>""No""}, {""key""=>""Temperature Control"", ""value""=>""Yes""}, {""key""=>""Indicator Light"", ""value""=>""Yes""}, {""key""=>""Spray"", ""value""=>""Yes""}, {""key""=>""Self Cleaning"", ""value""=>""Yes""}, {""key""=>""Automatic shut-off"", ""value""=>""Yes""}, {""key""=>""Steam Burst"", ""value""=>""Yes""}, {""key""=>""Power Consumption"", ""value""=>""1200 W""}, {""key""=>""Soleplate type"", ""value""=>""non stick coated""}, {""key""=>""Service Type"", ""value""=>""Customer care no.""}]}"
9,Casio Basic Calculator,"[""Pens & Stationery >> Calculators >> Casio Calculators >> Casio Basic (12 Digit)""]","[""http://img5a.flixcart.com/image/calculator/5/r/c/caltrix-caltrix-ct-462-pink-1100x1100-imae39h6ptmtgsre.jpeg"", ""http://img6a.flixcart.com/image/calculator/5/r/c/caltrix-caltrix-ct-462-pink-original-imae39h6ptmtgsre.jpeg""]",Specifications of CALTRIX Basic (12 Digit) General Display (Digits) 12 Type Basic Brand Name Casio Power Source SOLAR + BATTERY Model No Casio CT-462 PINK Dimensions Weight 350 g Length 150 mm Height 200 mm Width 100 mm,CALTRIX,"{""product_specification""=>[{""key""=>""Display (Digits)"", ""value""=>""12""}, {""key""=>""Type"", ""value""=>""Basic""}, {""key""=>""Brand Name"", ""value""=>""CALTRIX""}, {""key""=>""Power Source"", ""value""=>""SOLAR + BATTERY""}, {""key""=>""Model No"", ""value""=>""CALTRIX CT-462 PINK""}, {""key""=>""Weight"", ""value""=>""350 g""}, {""key""=>""Length"", ""value""=>""150 mm""}, {""key""=>""Height"", ""value""=>""200 mm""}, {""key""=>""Width"", ""value""=>""100 mm""}]}"
10,Envivo ENV-1359 Mobile/Tablet Speaker waterproof,"[""Mobiles & Accessories >> Mobile Accessories >> Speakers >> Envivo ENV-1359 Mobile/Tablet Speaker waterproof >> Envivo ENV-1359 Mobile/Tablet Speaker waterproof ...""]","[""http://img5a.flixcart.com/image/speaker/mobile-tablet-speaker/t/d/v/shortkut-enterprises-model-no-467-1100x1100-imaeggahdjzcbmj4.jpeg"", ""http://img6a.flixcart.com/image/speaker/mobile-tablet-speaker/t/d/v/shortkut-enterprises-model-no-467-original-imaeggahdjzcbmj4.jpeg"", ""http://img6a.flixcart.com/image/speaker/mobile-tablet-speaker/t/d/v/shortkut-enterprises-model-no-467-original-imaedyyqzcp2zvue.jpeg""]","Key Features of Shortkut enterprises Model no 460 Mobile/Tablet Speaker Type - Mobile/Tablet Speaker Configuration - Single Unit Channel Power Output - 3W Frequency Response - 20-20000Hz,Specifications of Shortkut enterprises Model no 460 Mobile/Tablet Speaker (Black, Single Unit Channel Channel) In The Box Sales Package 1 Speaker 1 usb cable General Brand Envivo ENV-1359 Mobile/Tablet Speaker waterproof Type Mobile/Tablet Speaker Configuration Single Unit Channel Channel Model ID Model no 460 Color Black Power Power Output 3W Power Source Rechargeable Battery Audio Features Impedance 4 ohms Total Power Output RMS (W) 3W Frequency Response 20-20000Hz Connectivity Memory Card Slot No",Shortkut enterprises,"{""product_specification""=>[{""key""=>""Sales Package"", ""value""=>""1 Speaker 1 usb cable""}, {""key""=>""Brand"", ""value""=>""Shortkut enterprises""}, {""key""=>""Type"", ""value""=>""Mobile/Tablet Speaker""}, {""key""=>""Configuration"", ""value""=>""Single Unit Channel Channel""}, {""key""=>""Model ID"", ""value""=>""Model no 460""}, {""key""=>""Color"", ""value""=>""Black""}, {""key""=>""Power Output"", ""value""=>""3W""}, {""key""=>""Power Source"", ""value""=>""Rechargeable Battery""}, {""key""=>""Impedance"", ""value""=>""4 ohms""}, {""key""=>""Total Power Output RMS (W)"", ""value""=>""3W""}, {""key""=>""Frequency Response"", ""value""=>""20-20000Hz""}, {""key""=>""Memory Card Slot"", ""value""=>""No""}]}"
11,Intel H61 Motherboard,"[""Computers >> Computer Components >> Motherboards >> Intel Motherboards >> Intel H61 Motherboard (Green)""]","[""http://img6a.flixcart.com/image/motherboard/w/f/u/intel-h61-1100x1100-imaefm2cg2gj6y7v.jpeg"", ""http://img5a.flixcart.com/image/motherboard/w/f/u/intel-h61-original-imaefm2cg2gj6y7v.jpeg""]","Specifications of Intel H61 Motherboard (Green) Storage PATA Ultra DMA 2 In The Box Sales Package Motherboard, Back Plate, User Manual, Driver CD Memory Buffered Memory Yes Memory Configuration 8 GB DDR3 DIMM Number of Memory Slots 2 Slots General Brand Intel Model ID H61 Back Panel Ports Audio I/O Channels 2 Optical S/PDIF Ports and S/PDIF Out ports 2 (Optical S/PDIF Ports) VGA/D Sub Ports 1 HDMI Ports 1 PS/2 1 USB 2.0 Ports, Controller 2 Internal I/O Headers Front Panel Headers 2 VGA/Dsub Connectors 2 Fan Headers 1 (Processor Fan Headers) USB 2.0 Headers 2 USB 3.0 Headers 2 Warranty Covered in Warranty Manufacturing Defects Warranty Summary 1 Year India Warranty Warranty Service Type Cary In Not Covered in Warranty Physical Damage in Usage Graphics Integrated Graphics card ATI Radeon HD3000 Expansion Slots PCIe x16 Slots, Generation 1 Audio Audio Channels 7.1 Essentials Chipset Manufacturer Intel Chipset Intel H61 Form Factor Micro-ATX Socket Type LGA 1155",Intel,"{""product_specification""=>[{""key""=>""PATA Ultra DMA"", ""value""=>""2""}, {""key""=>""Sales Package"", ""value""=>""Motherboard, Back Plate, User Manual, Driver CD""}, {""key""=>""Buffered Memory"", ""value""=>""Yes""}, {""key""=>""Memory Configuration"", ""value""=>""8 GB DDR3 DIMM""}, {""key""=>""Number of Memory Slots"", ""value""=>""2 Slots""}, {""key""=>""Brand"", ""value""=>""Intel""}, {""key""=>""Model ID"", ""value""=>""H61""}, {""key""=>""Audio I/O Channels"", ""value""=>""2""}, {""key""=>""Optical S/PDIF Ports and S/PDIF Out ports"", ""value""=>""2 (Optical S/PDIF Ports)""}, {""key""=>""VGA/D Sub Ports"", ""value""=>""1""}, {""key""=>""HDMI Ports"", ""value""=>""1""}, {""key""=>""PS/2"", ""value""=>""1""}, {""key""=>""USB 2.0 Ports, Controller"", ""value""=>""2""}, {""key""=>""Front Panel Headers"", ""value""=>""2""}, {""key""=>""VGA/Dsub Connectors"", ""value""=>""2""}, {""key""=>""Fan Headers"", ""value""=>""1 (Processor Fan Headers)""}, {""key""=>""USB 2.0 Headers"", ""value""=>""2""}, {""key""=>""USB 3.0 Headers"", ""value""=>""2""}, {""key""=>""Covered in Warranty"", ""value""=>""Manufacturing Defects""}, {""key""=>""Warranty Summary"", ""value""=>""1 Year India Warranty""}, {""key""=>""Warranty Service Type"", ""value""=>""Cary In""}, {""key""=>""Not Covered in Warranty"", ""value""=>""Physical Damage in Usage""}, {""key""=>""Integrated Graphics card"", ""value""=>""ATI Radeon HD3000""}, {""key""=>""PCIe x16 Slots, Generation"", ""value""=>""1""}, {""key""=>""Audio Channels"", ""value""=>""7.1""}, {""key""=>""Chipset Manufacturer"", ""value""=>""Intel""}, {""key""=>""Chipset"", ""value""=>""Intel H61""}, {""key""=>""Form Factor"", ""value""=>""Micro-ATX""}, {""key""=>""Socket Type"", ""value""=>""LGA 1155""}]}"
12,"Megalodon Nerf N-Strike Mega Toy Blaster with 20 Official Mega Whistler Darts Includes: Blaster, Drum, 20 Darts, & Instructions","Toys & Games | Sports & Outdoor Play | Blasters & Foam Play","[""https://images-na.ssl-images-amazon.com/images/I/41g1fUf3nJL.jpg""]","Make sure this fits by entering your model number. | 20-Dart rotating drum: The rotating drum holds 20 Nerf Mega darts to give you plenty of firepower for all your Nerf battles | Crank to fire: crank the handle back and forth on this big red toy blaster to send 20 Nerf Mega darts in a row whistling through the air | Fire darts up to 85 feet (26 meters): experience the mega-blasting power of the Megalodon toy blaster that shoots darts up to 85 feet (26 meters) | Slam-fire action: fire all 20 red foam darts fast with slam-fire action as you hold down the trigger and crank the handle | Includes 20 Nerf Mega Whistler darts: Nerf Mega darts are designed for power, tested and approved for performance and quality, and constructed of durable foam with flexible, hollow tips","NERF","ProductDimensions:4.2x24.5x12.5inches|ItemWeight:2.2pounds|ShippingWeight:3.7pounds(Viewshippingratesandpolicies)|ASIN:B07JXNCCWJ|Itemmodelnumber:E2849|Manufacturerrecommendedage:8yearsandup"
13,"Robot Vacuum Cleaner with Wi-Fi® Connection","Home & Kitchen >> Vacuum, Cleaning & Ironing >> Vacuum Cleaners","[""https://www.irobot.com/dw/image/v2/BFXP_PRD/on/demandware.static/-/Library-Sites-iRobotSharedLibrary/default/dw9c680ac2/North-America/Content-Asset-Images/PDP-Images/Roomba/j715020-j755020/j7_RobotonDockHero.jpg?sw=1000""]","The Roomba® j7+ robot vacuum cleaner utilizes PrecisionVision navigation to identify and avoid obstacles such as pet debris and charging cables, ensuring smooth operation. It offers 10 times superior suction power and can learn and map your home. It cleans when and where you want, and deliberately avoids accidents with pets. With voice assistant connectivity, it can identify obstacles and respond to the real-time needs of your home. Experience unparalleled cleaning performance with the combined power of a 3-stage cleaning system, featuring dual multi-surface rubber brushes, an edge-cleaning brush, and 10 times superior suction power*. It cleans where you need it and always leaves everything tidy. You won't have to worry about dust and dirt for up to 60 consecutive days, as the Roomba® j7+ robot vacuum cleaner autonomously empties its contents using the self-emptying Clean Base® with AllergenLock bags.","Roomba® j7+","Wi-Fi® connection, PrecisionVision navigation, pet debris detection, charging cable avoidance, 10x superior suction power, learns and maps home, voice assistant connectivity, 3-stage cleaning system, dual multi-surface rubber brushes, edge-cleaning brush, self-emptying Clean Base® with AllergenLock bags."
14,iBall 300M extreme Wireless-N Router,"[""Computers >> Network Components >> Routers >> iBall Routers""]","[""http://img5a.flixcart.com/image/router/h/2/t/iball-300m-extreme-wireless-n-router-1100x1100-imaebs63ffycn3hf.jpeg"", ""http://img6a.flixcart.com/image/router/h/2/t/iball-300m-extreme-wireless-n-router-original-imaebs63ffycn3hf.jpeg"", ""http://img6a.flixcart.com/image/router/h/2/t/iball-300m-extreme-wireless-n-router-original-imaebs632kfzgmbs.jpeg""]",Buy iBall 300M extreme Wireless-N Router only for Rs. 1750 from Flipkart.com. Only Genuine Products. 30 Day Replacement Guarantee. Free Shipping. Cash On Delivery!,iBall,"{""product_specification""=>[{""key""=>""Firewall"", ""value""=>""Firewall security features as IP, MAC and URL Filtering""}, {""key""=>""Other Security Features"", ""value""=>""Configure Internet Thru Wireless Mode""}, {""key""=>""In The Box"", ""value""=>""Router, Adapter""}, {""key""=>""Brand"", ""value""=>""iBall""}, {""key""=>""Model"", ""value""=>""300M extreme Wireless-N Router""}, {""key""=>""Type"", ""value""=>""Wireless Without modem""}, {""key""=>""LED Indicator"", ""value""=>""PWR, SYS, WLAN, WAN, LAN (1-4), WPS""}, {""key""=>""Series"", ""value""=>""Wireless Router""}, {""key""=>""Color"", ""value""=>""White""}, {""key""=>""Wireless Speed"", ""value""=>""300 Mbps""}, {""key""=>""DSL Modem Speed"", ""value""=>""300 Mbps""}, {""key""=>""Power Supply"", ""value""=>""9V DC , 1A""}, {""key""=>""Weight"", ""value""=>""350 g""}, {""key""=>""Covered in Warranty"", ""value""=>""Non Functioning""}, {""key""=>""Service Type"", ""value""=>""On-Site Service""}, {""key""=>""Warranty Summary"", ""value""=>""3 Years Brand Warantty""}, {""key""=>""Not Covered in Warranty"", ""value""=>""Breakage""}, {""key""=>""Frequency"", ""value""=>""2.4 GHz""}, {""key""=>""Standard IEEE"", ""value""=>""IEEE 802.3, 802.3u, 802.11b, 802.11g and 802.11n""}, {""key""=>""WAN"", ""value""=>""1-WAN port""}, {""key""=>""Number of Antennae"", ""value""=>""2""}, {""key""=>""Number of LAN ports"", ""value""=>""3""}, {""key""=>""Number of USB Ports"", ""value""=>""0""}, {""key""=>""LAN"", ""value""=>""4-10/100M LAN ports""}, {""key""=>""Antennae Capacity"", ""value""=>""5dbi Omni Directional""}, {""key""=>""Number of WAN ports"", ""value""=>""1""}, {""key""=>""Antennae"", ""value""=>""External""}, {""key""=>""Operating Humidity"", ""value""=>""0°40° (32°104°)""}, {""key""=>""Temperature"", ""value""=>""40°70°(-40°158°) degree C""}, {""key""=>""VPN"", ""value""=>""Virtual Server, DMZ and UPnP""}, {""key""=>""Other Features"", ""value""=>""Broadband Internet Connection Like Ip, Mac.., Wireless Security As Wep, Wpa-Psk and Wpa2-Psk""}, {""key""=>""Certification"", ""value""=>""Complies with IEEE 802.11b/g/n standards CE, FCC, RoHS""}]}"
15,"The Smart Oven™ Pizzaiolo","Kitchen equipment","[""https://m.media-amazon.com/images/I/416KePBKA1L._AC_SS450_.jpg""]","The Smart Oven™ Pizzaiolo is equipped with various features that enhance your pizza-making experience. Here are some key functionalities: ensure to press this dial to start the timer countdown.","Sage","Functions: BEFORE FIRST USE: Run the oven empty for 20 minutes in a well-ventilated area to remove protective substances on the heating elements. OPERATING YOUR SAGE OVEN: Ensure well-ventilated area due to high temperatures and smoke emission when cooking. TIME: Adjustable timer for pizza readiness. PIZZA STYLE: 400°C, 'WOOD FIRED,' THIN & CRISPY, THICK CRUST, PAN, FROZEN. DARKNESS: Adjust temperature for a darker crust with the DARKNESS dial. ELEMENT iQ: Sage Pizzaiolo oven features Element iQ™ cooking technology. Manual Mode: Customize oven functions, control temperatures, and adjust power distribution. Use interface magnet for settings and indicators. To set 'Manual Mode': 1. Press and hold TIME/DECK TEMP dial. 2. Turn STYLE/TOP TEMP dial to 160°C. 3. Release TIME/DECK TEMP dial. 4. Manual Mode light will flash three times and stay on. Sage Pizzaiolo Oven: STYLE dial, DARKNESS dial, MANUAL MODE light, AT TEMPERATURE light."
16,"Carrera Evolution Most Wanted Slot Car Race Set 1:24 Scale Analog Track System - Includes Two 1:32 Scale Cars: Chevrolet Camaro Sheriff and Ford Mustang GT No. 66 - 2 Dual-Speed Controllers Ages 8+","Toys & Games | Hobbies | Slot Cars, Race Tracks & Accessories | Race Sets","[""https://http2.mlstatic.com/D_NQ_NP_770561-MLM32896587843_112019-O.webp""]","RACING ACTION THAT'S AS REAL AS IT GETS - enjoy fast-paced car racing as you feel the power and speed of the 1:32 scale size cars racing on a 1:24 scale track measuring over 17 feet and reaching scale speeds of 370 mph! | GET HOOKED ON THRILLING HEAD-TO-HEAD RACE ACTION - Carrera's Evolution racing sets are designed for both beginners and the hobbyist who is ready for larger scale tracks and cars | UPGRADEABLE TO DIGITAL - this set has the capability to be upgraded with digital technology as you advance your slot car racing career | EXCITING TWO-PLAYER AND GROUP ACTIVITY - family and friends will all enjoy the fast-paced head-to-head driving action - race to win and then do it again! | EXPAND YOUR RACING OPTIONS FOR HOURS OF FUN - use track expansion sets, accessories, and a wide selection of additional cars to create challenging new races! Track pieces are also compatible with Digital 124 and 132 track units giving you endless options | COMPLETE SLOT CAR RACING SYSTEM INCLUDES EVERYTHING YOU NEED TO RACE RIGHT OUT OF THE BOX - quickly set up the track and start racing right away!","20025528","ProductDimensions:28.9x19.1x4.5inches|ItemWeight:13pounds|ShippingWeight:14.99pounds(Viewshippingratesandpolicies)|DomesticShipping:ItemcanbeshippedwithinU.S.|InternationalShipping:ThisitemcanbeshippedtoselectcountriesoutsideoftheU.S.LearnMore|ASIN:B06Y51B64H|Itemmodelnumber:20025528|Manufacturerrecommendedage:8yearsandup"
17,"Suunto Smart Heart Rate Belt","Sports & Fitness >> Heart Rate Monitors","[""https://m.media-amazon.com/images/I/61o+CMz2N6L._AC_SY450_.jpg""]","The Suunto Smart Heart Rate Belt is a top-of-the-line heart rate monitoring solution for fitness enthusiasts. It provides accurate and real-time heart rate tracking during workouts, optimizing training intensity and helping achieve fitness goals more effectively. The belt features advanced sensor technology for precise and reliable measurements. It is compatible with various fitness devices and apps, offering seamless connectivity and data synchronization. The adjustable and comfortable strap ensures a secure fit, allowing for a focused and comfortable workout experience. With its convenient memory function, heart rate data can be recorded even without a watch or smartphone. Whether engaged in high-intensity interval training or endurance workouts, this heart rate belt provides essential insights to track progress and enhance performance. Elevate your fitness experience with the Suunto Smart Heart Rate Belt.","Suunto","Functions: Accurate real-time heart rate tracking, advanced sensor technology, wide compatibility with fitness devices and apps, adjustable and comfortable strap, memory function for recording heart rate data, suitable for various workout types."
18,"Mi True Wireless Earphones","['Electronics >> Audio >> Headphones']","[""https://i01.appmifile.com/webfile/globalimg/German/800pics/MiTrueWirelessEarphonesLite.png""]","Product Overview: Charging Case, Charging Port, Function Button, Indicator Light, Noise Canceling Microphone, Touch Button, Ear Tip, Earphones. Accessories: Type-C charging cable, ear tips × 4 pairs (XS/S/M/L, M installed). Charging: Earphones, Charging case. Battery Level: Earphones, Charging case. Turning On: Automatically turns on when opening the charging case. Wearing: Insert earphones according to L (left) and R (right) marks. Connecting: Connecting to a new device, Connecting to two devices, Connection interrupted, Automatic connection. Clearing Connection History. Function Overview: Incoming calls, Music and voice assistant, Noise Cancelling Mode.","XiaoMi","Model: Mi True Wireless Earphones, Connectivity: Bluetooth 5.0, Driver Unit: 10mm dynamic driver, Frequency Response: 20Hz - 20kHz, Impedance: 32 ohms, Microphone: Built-in noise-canceling microphone, Controls: Touch-sensitive controls, Battery Life: Up to 5 hours (earphones), 15 hours (charging case), Charging Time: Approx. 1.5 hours (earphones), 2 hours (charging case), Charging Case: Type-C port, Ear Tip Sizes: 4 pairs (XS/S/M/L), Compatibility: Bluetooth-enabled devices, Weight: Lightweight and ergonomic, Color: Various options, Warranty: Included."
19,Zaicus Itag Bluetooth Tracer Anti Lost Alarm Remote Shutter Voice Recorder Connect With 10 Units 5692 USB Bluetooth,"[""Computers >> Laptop Accessories >> USB Gadgets >> Zaicus USB Gadgets""]","[""http://img6a.flixcart.com/image/smart-tracker/b/p/s/itag-tracker-anti-lost-alarm-remote-shutter-voice-recorder-1100x1100-imaed56ufhhzpdjm.jpeg"", ""http://img5a.flixcart.com/image/smart-tracker/b/p/s/itag-tracker-anti-lost-alarm-remote-shutter-voice-recorder-original-imaed56ufhhzpdjm.jpeg""]","Zaicus Itag Bluetooth Tracer Anti Lost Alarm Remote Shutter Voice Recorder Connect With 10 Units 5692 USB Bluetooth (Green)
Specification:
1 Bluetooth version: Bluetooth 4.0 Low Energy
2 Compatible Phone: iPhone4S/5/5S/5C, iPad Mini, iTouch 5, iPad 3/4, iPad Air and Andriod system with Bluetooth
3 4.0 Smartphone(Andriod 4.3 version and up-grade version)
4 Working distance: About 75 Feet (without barrier )
5 Suitable for: Wallet, Car, Kid, Pets, Bags,Suitcase or other belongings.
6 Battery : CR2032 Lithium Coin Battery
7 Standby time: 6 month
8 Net Weight: 9 gram
12 Connects up to 10 iTag unit
13 App language: English, Chinese, French, Spanish
What is in the box
1xBluetooth Tracker
1xBattery
1xUser manual""
Specification:
1 Bluetooth version: Bluetooth 4.0 Low Energy
2 Compatible Phone: iPhone4S/5/5S/5C, iPad Mini, iTouch 5, iPad 3/4, iPad Air and Andriod system with Bluetooth
3 4.0 Smartphone(Andriod 4.3 version and up-grade version)
4 Working distance: About 75 Feet (without barrier )
5 Suitable for: Wallet, Car, Kid, Pets, Bags,Suitcase or other belongings.
6 Battery : CR2032 Lithium Coin Battery
7 Standby time: 6 month
8 Net Weight: 9 gram
12 Connects up to 10 iTag unit
13 App language: English, Chinese, French, Spanish
What is in the box
1xBluetooth Tracker
1xBattery
1xUser manual""",Zaicus,"{""product_specification""=>[{""key""=>""Brand"", ""value""=>""Zaicus""}, {""key""=>""Type"", ""value""=>""Bluetooth""}, {""key""=>""System Requirements"", ""value""=>""Supports Bluetooth 4.0""}, {""key""=>""Material"", ""value""=>""Plastic""}, {""key""=>""Model Name"", ""value""=>""Itag Bluetooth Tracer Anti Lost Alarm Remote Shutter Voice Recorder Connect With 10 Units""}, {""key""=>""Model ID"", ""value""=>""5692""}, {""key""=>""Color"", ""value""=>""Green""}, {""key""=>""Sales Package"", ""value""=>""Itag Bluetooth Tracer""}]}"
20,"Remington Vacuum Beard and Stubble Trimmer MB6850 ","[""Health & Personal Care Appliances >> Personal Care Appliances >> Shavers >> Remington Shavers >> "Remington Vacuum Beard and Stubble Trimmer"]","[""https://m.media-amazon.com/images/I/71d6-mici0L.jpg""]","""Trimming your beard,For even cutting, allow your trimmer to cut its way through the beard hair.Regularly check the level of collected hair in the vacuum chamber. When full, switch off your trimmer and remove the vacuum chamber. Empty the hair clippings. Thinning or tapering the beard or moustache. Defing the line of the beard or moustache. Trimming your sideburns. Fit the wide trimming head, or the detail trimming head as requried. Trimming the nape of your neck""",Remington,"{""product_specification""=>[{""key""=>""Indicators"", ""value""=>""led""}, {""key""=>""Sales Package"", ""value""=>""1 shaver, 1 charging wire, 1 mini brush""}, {""key""=>""Brand"", ""value""=>""s2s""}, {""key""=>""Model Number"", ""value""=>""280r""}, {""key""=>""Type"", ""value""=>""Shaver""}, {""key""=>""Model Name"", ""value""=>""Trimmer rechargeable hair remover""}, {""key""=>""Ideal For"", ""value""=>""Women, Men""}, {""key""=>""Color"", ""value""=>""Multicolor""}, {""key""=>""Corded/Cordless"", ""value""=>""Cordless""}, {""key""=>""Recharge Time"", ""value""=>""20 min""}, {""key""=>""Rechargeable"", ""value""=>""Yes""}, {""key""=>""Number of Batteries"", ""value""=>""0""}, {""key""=>""Power Source"", ""value""=>""battery""}, {""key""=>""Other Features"", ""value""=>""smooth""}]}"